{
  "UserAgent": "MobileHub/1.0",
  "Version": "1.0",
  "CredentialsProvider": {
    "CognitoIdentity": {
      "Default": {
        "PoolId": "us-east-2:94ca3b80-8c0b-4714-a641-a7376417049a",
        "Region": "us-east-2"
      }
    }
  },
  "IdentityManager": {
    "Default": {}
  },
  "CognitoUserPool": {
    "Default": {
      "PoolId": "us-east-2_62eiPEEv1",
      "AppClientId": "468ap6ic9r479qg3ssidrht3ia",
      "AppClientSecret": "1jv1ndotau4vgrdgomv9gdkugfjmc84oj9lk3mo5u55efcdjfjce",
      "Region": "us-east-2"
    }
  },
  "S3TransferUtility": {
    "Default": {
      "Bucket": "tapiolla-userfiles-mobilehub-396882117",
      "Region": "us-east-2"
    }
  },
  "DynamoDBObjectMapper": {
    "Default": {
      "Region": "us-east-2"
    }
  },
  "PinpointAnalytics": {
    "Default": {
      "AppId": "cac3dba051604d21a0cf8fcd8482664d",
      "Region": "us-east-1"
    }
  },
  "PinpointTargeting": {
    "Default": {
      "Region": "us-east-1"
    }
  },
  "UserFileManager": {
    "Default": {
      "Bucket": "tapiolla-userfiles-mobilehub-396882117",
      "Region": "us-east-2"
    }
  },
  "GoogleSignIn": {
    "ClientId-WebApp": "270483529160-7731f32l2f2s49e2dl733nkehg6pnj8c.apps.googleusercontent.com",
    "Permissions": "email,profile,openid"
  },
  "FacebookSignIn": {
    "AppId": "2314240658795089",
    "Permissions": "public_profile"
  }
}